<?xml version="1.0" encoding="UTF-8"?>
<project-private xmlns="http://www.netbeans.org/ns/project-private/1">
    <editor-bookmarks xmlns="http://www.netbeans.org/ns/editor-bookmarks/2" lastBookmarkId="0"/>
    <open-files xmlns="http://www.netbeans.org/ns/projectui-open-files/2">
        <group>
            <file>file:/E:/backups/Ai1/ppic/ownDocs/codes/EVISITOR_090920/EvisitorsP2%20(3)/EvisitorsP2/src/evisitoruser/user.java</file>
            <file>file:/E:/backups/Ai1/ppic/ownDocs/codes/EVISITOR_090920/EvisitorsP2%20(3)/EvisitorsP2/src/evisitoruser/DBCLASS.java</file>
            <file>file:/E:/backups/Ai1/ppic/ownDocs/codes/EVISITOR_090920/EvisitorsP2%20(3)/EvisitorsP2/src/evisitoruser/User1.java</file>
        </group>
    </open-files>
</project-private>
